Línea,Intención,Página destino,Variantes,Variantes locales,Decisión,Prioridad,Volumen
"Neumática","Neumática industrial","/neumatica","Neumática industrial","Neumática industrial República Dominicana | Neumática industrial Santo Domingo","Mejorar página existente","P1","NO VERIFICADO"
"Neumática","Cilindros neumáticos","/cilindros-neumaticos","cilindro neumático | cilindros neumáticos | cilindro neumático a medida","cilindro neumático República Dominicana | cilindro neumático Santo Domingo | cilindros neumáticos República Dominicana | cilindros neumáticos Santo Domingo | cilindro neumático a medida República Dominicana | cilindro neumático a medida Santo Domingo","Mantener sección/página existente; ampliar si consultas y leads justifican contenido propio","P2","NO VERIFICADO"
"Neumática","Válvulas neumáticas","/valvulas-neumaticas","válvula neumática | válvulas neumáticas | electroválvula neumática | válvula solenoide neumática | válvula neumática 5/2 | válvula neumática 3/2","válvula neumática República Dominicana | válvula neumática Santo Domingo | válvulas neumáticas República Dominicana | válvulas neumáticas Santo Domingo | electroválvula neumática República Dominicana | electroválvula neumática Santo Domingo | válvula solenoide neumática República Dominicana | válvula solenoide neumática Santo Domingo | válvula neumática 5/2 República Dominicana | válvula neumática 5/2 Santo Domingo | válvula neumática 3/2 República Dominicana | válvula neumática 3/2 Santo Domingo","Página propia preparada; publicar tras revisión","P1","NO VERIFICADO"
"Neumática","Conexiones","/neumatica#conexiones","conector neumático | conectores neumáticos | conexiones neumáticas | fittings neumáticos | racores neumáticos","conector neumático República Dominicana | conector neumático Santo Domingo | conectores neumáticos República Dominicana | conectores neumáticos Santo Domingo | conexiones neumáticas República Dominicana | conexiones neumáticas Santo Domingo | fittings neumáticos República Dominicana | fittings neumáticos Santo Domingo | racores neumáticos República Dominicana | racores neumáticos Santo Domingo","Mantener sección/página existente; ampliar si consultas y leads justifican contenido propio","P2","NO VERIFICADO"
"Neumática","Unidades FRL y reguladores","/neumatica#frl","unidad FRL | unidades FRL | filtro regulador lubricador | regulador neumático","unidad FRL República Dominicana | unidad FRL Santo Domingo | unidades FRL República Dominicana | unidades FRL Santo Domingo | filtro regulador lubricador República Dominicana | filtro regulador lubricador Santo Domingo | regulador neumático República Dominicana | regulador neumático Santo Domingo","Mantener sección/página existente; ampliar si consultas y leads justifican contenido propio","P2","NO VERIFICADO"
"Neumática","Mangueras neumáticas","/neumatica#mangueras","manguera neumática | mangueras neumáticas | manguera de poliuretano | manguera nylon","manguera neumática República Dominicana | manguera neumática Santo Domingo | mangueras neumáticas República Dominicana | mangueras neumáticas Santo Domingo | manguera de poliuretano República Dominicana | manguera de poliuretano Santo Domingo | manguera nylon República Dominicana | manguera nylon Santo Domingo","Mantener sección/página existente; ampliar si consultas y leads justifican contenido propio","P2","NO VERIFICADO"
"Neumática","Accesorios neumáticos","/neumatica#accesorios","accesorios neumáticos","accesorios neumáticos República Dominicana | accesorios neumáticos Santo Domingo","Mantener sección/página existente; ampliar si consultas y leads justifican contenido propio","P2","NO VERIFICADO"
"Neumática","Kits de sellos y vástagos cromados","/sellos-y-componentes","kits de sellos y vástagos cromados","kits de sellos y vástagos cromados República Dominicana | kits de sellos y vástagos cromados Santo Domingo","Mantener sección/página existente; ampliar si consultas y leads justifican contenido propio","P2","NO VERIFICADO"
"Neumática","Fabricación y reparación de cilindros","/servicios","fabricación y reparación de cilindros","fabricación y reparación de cilindros República Dominicana | fabricación y reparación de cilindros Santo Domingo","Mantener sección/página existente; ampliar si consultas y leads justifican contenido propio","P2","NO VERIFICADO"
"Control eléctrico","Control eléctrico industrial","/control-electrico","control eléctrico industrial | controles eléctricos industriales | componentes eléctricos industriales","control eléctrico industrial República Dominicana | control eléctrico industrial Santo Domingo | controles eléctricos industriales República Dominicana | controles eléctricos industriales Santo Domingo | componentes eléctricos industriales República Dominicana | componentes eléctricos industriales Santo Domingo","Mejorar página existente","P1","NO VERIFICADO"
"Control eléctrico","Contactores y relés","/control-electrico#contactores-y-reles","contactor industrial | contactores industriales | relé de control | relés térmicos","contactor industrial República Dominicana | contactor industrial Santo Domingo | contactores industriales República Dominicana | contactores industriales Santo Domingo | relé de control República Dominicana | relé de control Santo Domingo | relés térmicos República Dominicana | relés térmicos Santo Domingo","Mantener sección/página existente; ampliar si consultas y leads justifican contenido propio","P1","NO VERIFICADO"
"Control eléctrico","Breakers y protección","/control-electrico#proteccion","breaker industrial | breakers industriales | interruptor termomagnético | arrancador manual","breaker industrial República Dominicana | breaker industrial Santo Domingo | breakers industriales República Dominicana | breakers industriales Santo Domingo | interruptor termomagnético República Dominicana | interruptor termomagnético Santo Domingo | arrancador manual República Dominicana | arrancador manual Santo Domingo","Mantener sección/página existente; ampliar si consultas y leads justifican contenido propio","P2","NO VERIFICADO"
"Control eléctrico","Fusibles y portafusibles","/control-electrico#fusibles","fusible industrial | fusibles industriales | fusibles NH | portafusibles","fusible industrial República Dominicana | fusible industrial Santo Domingo | fusibles industriales República Dominicana | fusibles industriales Santo Domingo | fusibles NH República Dominicana | fusibles NH Santo Domingo | portafusibles República Dominicana | portafusibles Santo Domingo","Mantener sección/página existente; ampliar si consultas y leads justifican contenido propio","P2","NO VERIFICADO"
"Control eléctrico","Pulsadores, selectores y luces piloto","/control-electrico#mando-y-senalizacion","pulsador industrial | pulsadores industriales | selector industrial | luces piloto","pulsador industrial República Dominicana | pulsador industrial Santo Domingo | pulsadores industriales República Dominicana | pulsadores industriales Santo Domingo | selector industrial República Dominicana | selector industrial Santo Domingo | luces piloto República Dominicana | luces piloto Santo Domingo","Mantener sección/página existente; ampliar si consultas y leads justifican contenido propio","P2","NO VERIFICADO"
"Control eléctrico","Temporizadores, contadores y controladores","/control-electrico#temporizadores","temporizador industrial | temporizadores industriales | contador industrial | controlador de temperatura","temporizador industrial República Dominicana | temporizador industrial Santo Domingo | temporizadores industriales República Dominicana | temporizadores industriales Santo Domingo | contador industrial República Dominicana | contador industrial Santo Domingo | controlador de temperatura República Dominicana | controlador de temperatura Santo Domingo","Mantener sección/página existente; ampliar si consultas y leads justifican contenido propio","P2","NO VERIFICADO"
"Control eléctrico","Finales de carrera e interruptores","/control-electrico#interruptores","final de carrera | finales de carrera | limit switch industrial | micro switch","final de carrera República Dominicana | final de carrera Santo Domingo | finales de carrera República Dominicana | finales de carrera Santo Domingo | limit switch industrial República Dominicana | limit switch industrial Santo Domingo | micro switch República Dominicana | micro switch Santo Domingo","Mantener sección/página existente; ampliar si consultas y leads justifican contenido propio","P2","NO VERIFICADO"
"Control eléctrico","Conectores industriales","/control-electrico#conectores","conectores industriales","conectores industriales República Dominicana | conectores industriales Santo Domingo","Mantener sección/página existente; ampliar si consultas y leads justifican contenido propio","P2","NO VERIFICADO"
"Sensores","Sensores industriales","/sensores","Sensores industriales","Sensores industriales República Dominicana | Sensores industriales Santo Domingo","Mejorar página existente","P2","NO VERIFICADO"
"Sensores","Sensores inductivos","/sensores#inductivos","sensor inductivo | sensores inductivos","sensor inductivo República Dominicana | sensor inductivo Santo Domingo | sensores inductivos República Dominicana | sensores inductivos Santo Domingo","Mantener sección/página existente; ampliar si consultas y leads justifican contenido propio","P2","NO VERIFICADO"
"Sensores","Sensores capacitivos","/sensores#capacitivos","sensor capacitivo | sensores capacitivos","sensor capacitivo República Dominicana | sensor capacitivo Santo Domingo | sensores capacitivos República Dominicana | sensores capacitivos Santo Domingo","Mantener sección/página existente; ampliar si consultas y leads justifican contenido propio","P2","NO VERIFICADO"
"Sensores","Sensores fotoeléctricos y fotoceldas","/sensores#fotoelectricos","sensor fotoeléctrico | sensores fotoeléctricos | fotocelda industrial | fotoceldas industriales","sensor fotoeléctrico República Dominicana | sensor fotoeléctrico Santo Domingo | sensores fotoeléctricos República Dominicana | sensores fotoeléctricos Santo Domingo | fotocelda industrial República Dominicana | fotocelda industrial Santo Domingo | fotoceldas industriales República Dominicana | fotoceldas industriales Santo Domingo","Mantener sección/página existente; ampliar si consultas y leads justifican contenido propio","P2","NO VERIFICADO"
"Sensores","Sensores magnéticos y de proximidad","/sensores#magneticos","sensor magnético para cilindro | sensores magnéticos | sensor de proximidad","sensor magnético para cilindro República Dominicana | sensor magnético para cilindro Santo Domingo | sensores magnéticos República Dominicana | sensores magnéticos Santo Domingo | sensor de proximidad República Dominicana | sensor de proximidad Santo Domingo","Mantener sección/página existente; ampliar si consultas y leads justifican contenido propio","P2","NO VERIFICADO"
"Sensores","Sensores de presión","/sensores#presion","sensor de presión | sensores de presión","sensor de presión República Dominicana | sensor de presión Santo Domingo | sensores de presión República Dominicana | sensores de presión Santo Domingo","Mantener sección/página existente; ampliar si consultas y leads justifican contenido propio","P2","NO VERIFICADO"
"Sensores","Sensores de temperatura","/resistencias-electricas#termocuplas","sensores de temperatura","sensores de temperatura República Dominicana | sensores de temperatura Santo Domingo","Mantener sección/página existente; ampliar si consultas y leads justifican contenido propio","P2","NO VERIFICADO"
"Sensores","Sensores de nivel y flujo","/instrumentacion","sensores de nivel y flujo","sensores de nivel y flujo República Dominicana | sensores de nivel y flujo Santo Domingo","Mantener sección/página existente; ampliar si consultas y leads justifican contenido propio","P2","NO VERIFICADO"
"Sensores","Amplificadores, módulos y accesorios","/sensores#accesorios","amplificadores, módulos y accesorios","amplificadores, módulos y accesorios República Dominicana | amplificadores, módulos y accesorios Santo Domingo","Mantener sección/página existente; ampliar si consultas y leads justifican contenido propio","P2","NO VERIFICADO"
"Instrumentación","Instrumentación industrial","/instrumentacion","Instrumentación industrial","Instrumentación industrial República Dominicana | Instrumentación industrial Santo Domingo","Mejorar página existente","P2","NO VERIFICADO"
"Instrumentación","Instrumentación de presión","/instrumentacion#presion","manómetro industrial | manómetros industriales | transmisor de presión | interruptor de presión","manómetro industrial República Dominicana | manómetro industrial Santo Domingo | manómetros industriales República Dominicana | manómetros industriales Santo Domingo | transmisor de presión República Dominicana | transmisor de presión Santo Domingo | interruptor de presión República Dominicana | interruptor de presión Santo Domingo","Mantener sección/página existente; ampliar si consultas y leads justifican contenido propio","P2","NO VERIFICADO"
"Instrumentación","Instrumentación de temperatura","/instrumentacion#temperatura","termómetro industrial | termómetros industriales | termopozo | termopozos","termómetro industrial República Dominicana | termómetro industrial Santo Domingo | termómetros industriales República Dominicana | termómetros industriales Santo Domingo | termopozo República Dominicana | termopozo Santo Domingo | termopozos República Dominicana | termopozos Santo Domingo","Mantener sección/página existente; ampliar si consultas y leads justifican contenido propio","P2","NO VERIFICADO"
"Instrumentación","Medición de flujo","/instrumentacion#flujo","caudalímetro industrial | caudalímetros industriales | medidor de flujo | medición de caudal","caudalímetro industrial República Dominicana | caudalímetro industrial Santo Domingo | caudalímetros industriales República Dominicana | caudalímetros industriales Santo Domingo | medidor de flujo República Dominicana | medidor de flujo Santo Domingo | medición de caudal República Dominicana | medición de caudal Santo Domingo","Mantener sección/página existente; ampliar si consultas y leads justifican contenido propio","P2","NO VERIFICADO"
"Instrumentación","Medición de nivel","/instrumentacion#nivel","medición de nivel industrial | medidor de nivel para tanque","medición de nivel industrial República Dominicana | medición de nivel industrial Santo Domingo | medidor de nivel para tanque República Dominicana | medidor de nivel para tanque Santo Domingo","Mantener sección/página existente; ampliar si consultas y leads justifican contenido propio","P2","NO VERIFICADO"
"Instrumentación","Medición y control","/control-electrico#temporizadores","medición y control","medición y control República Dominicana | medición y control Santo Domingo","Mantener sección/página existente; ampliar si consultas y leads justifican contenido propio","P2","NO VERIFICADO"
"Resistencias eléctricas","Resistencias eléctricas industriales","/resistencias-electricas","Resistencias eléctricas industriales","Resistencias eléctricas industriales República Dominicana | Resistencias eléctricas industriales Santo Domingo","Mejorar página existente","P2","NO VERIFICADO"
"Resistencias eléctricas","Resistencias de cartucho","/resistencias-electricas#cartucho","resistencia de cartucho | resistencias de cartucho","resistencia de cartucho República Dominicana | resistencia de cartucho Santo Domingo | resistencias de cartucho República Dominicana | resistencias de cartucho Santo Domingo","Mantener sección/página existente; ampliar si consultas y leads justifican contenido propio","P2","NO VERIFICADO"
"Resistencias eléctricas","Termocuplas y RTD","/resistencias-electricas#termocuplas","termocupla industrial | termocuplas industriales | termopar industrial | sonda RTD","termocupla industrial República Dominicana | termocupla industrial Santo Domingo | termocuplas industriales República Dominicana | termocuplas industriales Santo Domingo | termopar industrial República Dominicana | termopar industrial Santo Domingo | sonda RTD República Dominicana | sonda RTD Santo Domingo","Mantener sección/página existente; ampliar si consultas y leads justifican contenido propio","P2","NO VERIFICADO"
"Resistencias eléctricas","Alambre de resistencia","/resistencias-electricas#alambre","alambre de resistencia | resistencias planas","alambre de resistencia República Dominicana | alambre de resistencia Santo Domingo | resistencias planas República Dominicana | resistencias planas Santo Domingo","Mantener sección/página existente; ampliar si consultas y leads justifican contenido propio","P2","NO VERIFICADO"
"Resistencias eléctricas","Bajo especificación","/resistencias-electricas#a-la-medida","bajo especificación","bajo especificación República Dominicana | bajo especificación Santo Domingo","Mantener sección/página existente; ampliar si consultas y leads justifican contenido propio","P2","NO VERIFICADO"
"Servicios y componentes","Fabricación de cilindros neumáticos","/servicios#fabricacion","fabricación de cilindros neumáticos | fabricante de cilindros neumáticos","fabricación de cilindros neumáticos República Dominicana | fabricación de cilindros neumáticos Santo Domingo | fabricante de cilindros neumáticos República Dominicana | fabricante de cilindros neumáticos Santo Domingo","Mejorar contenido existente con casos y medidas confirmados; no duplicar por ciudad","P1","NO VERIFICADO"
"Servicios y componentes","Reparación de cilindros neumáticos","/servicios#reparacion","reparación de cilindro neumático | reparación de cilindros neumáticos","reparación de cilindro neumático República Dominicana | reparación de cilindro neumático Santo Domingo | reparación de cilindros neumáticos República Dominicana | reparación de cilindros neumáticos Santo Domingo","Mejorar contenido existente con casos y medidas confirmados; no duplicar por ciudad","P1","NO VERIFICADO"
"Servicios y componentes","Reconstrucción de cilindros","/servicios#reconstruccion","reconstrucción de cilindros neumáticos","reconstrucción de cilindros neumáticos República Dominicana | reconstrucción de cilindros neumáticos Santo Domingo","Mejorar contenido existente con casos y medidas confirmados; no duplicar por ciudad","P2","NO VERIFICADO"
"Servicios y componentes","Fabricación bajo muestra o plano","/servicios#bajo-muestra-o-plano","cilindros neumáticos bajo plano | cilindros neumáticos bajo muestra","cilindros neumáticos bajo plano República Dominicana | cilindros neumáticos bajo plano Santo Domingo | cilindros neumáticos bajo muestra República Dominicana | cilindros neumáticos bajo muestra Santo Domingo","Mejorar contenido existente con casos y medidas confirmados; no duplicar por ciudad","P2","NO VERIFICADO"
"Servicios y componentes","Cambio de sellos","/servicios#cambio-de-sellos","cambio de sellos cilindro neumático","cambio de sellos cilindro neumático República Dominicana | cambio de sellos cilindro neumático Santo Domingo","Mejorar contenido existente con casos y medidas confirmados; no duplicar por ciudad","P2","NO VERIFICADO"
"Servicios y componentes","Cilindros personalizados","/servicios#personalizados","cilindro neumático personalizado | cilindros neumáticos a medida","cilindro neumático personalizado República Dominicana | cilindro neumático personalizado Santo Domingo | cilindros neumáticos a medida República Dominicana | cilindros neumáticos a medida Santo Domingo","Mejorar contenido existente con casos y medidas confirmados; no duplicar por ciudad","P2","NO VERIFICADO"
"Servicios y componentes","Kits de sellos","/sellos-y-componentes#kits-de-sellos","kit de sellos cilindro neumático | kits de sellos para cilindros neumáticos","kit de sellos cilindro neumático República Dominicana | kit de sellos cilindro neumático Santo Domingo | kits de sellos para cilindros neumáticos República Dominicana | kits de sellos para cilindros neumáticos Santo Domingo","Mejorar contenido existente con casos y medidas confirmados; no duplicar por ciudad","P2","NO VERIFICADO"
"Servicios y componentes","Vástagos cromados","/sellos-y-componentes#vastagos","vástago cromado | vástagos cromados | barras cromadas para cilindros","vástago cromado República Dominicana | vástago cromado Santo Domingo | vástagos cromados República Dominicana | vástagos cromados Santo Domingo | barras cromadas para cilindros República Dominicana | barras cromadas para cilindros Santo Domingo","Mejorar contenido existente con casos y medidas confirmados; no duplicar por ciudad","P2","NO VERIFICADO"
"Servicios y componentes","Componentes bajo medida","/sellos-y-componentes","componentes de cilindros bajo medida | camisa tapa pistón cilindro neumático","componentes de cilindros bajo medida República Dominicana | componentes de cilindros bajo medida Santo Domingo | camisa tapa pistón cilindro neumático República Dominicana | camisa tapa pistón cilindro neumático Santo Domingo","Mejorar contenido existente con casos y medidas confirmados; no duplicar por ciudad","P2","NO VERIFICADO"
"Servicios y componentes","Cilindros hidráulicos","/cilindros-hidraulicos","cilindro hidráulico | cilindros hidráulicos | reparación de cilindros hidráulicos | fabricación de cilindros hidráulicos","cilindro hidráulico República Dominicana | cilindro hidráulico Santo Domingo | cilindros hidráulicos República Dominicana | cilindros hidráulicos Santo Domingo | reparación de cilindros hidráulicos República Dominicana | reparación de cilindros hidráulicos Santo Domingo | fabricación de cilindros hidráulicos República Dominicana | fabricación de cilindros hidráulicos Santo Domingo","Mejorar contenido existente con casos y medidas confirmados; no duplicar por ciudad","P2","NO VERIFICADO"
"Servicios y componentes","Mecanizado","/mecanizado","mecanizado industrial | mecanizado de piezas industriales","mecanizado industrial República Dominicana | mecanizado industrial Santo Domingo | mecanizado de piezas industriales República Dominicana | mecanizado de piezas industriales Santo Domingo","Mejorar contenido existente con casos y medidas confirmados; no duplicar por ciudad","P2","NO VERIFICADO"